city,value
Camden,961.7149729
New York,604.0575929
Minneapolis,428.7966972
Phoenix,339.138518
Portland,335.0473589
Louisville,291.8462258