city,year,income,sales
Seattle,2016-17,0.04478959955,0.1089
Seattle,2017-18,0.02627957094,0.1069
Seattle,2018-19,0.02304599923,0.045