city,year,income,rent
Seattle,2016-17,0.04478959955,0.06464615542
Seattle,2017-18,0.02627957094,0.03210965207
Seattle,2018-19,0.02304599923,0.04309063893