city,year,income,rent
Vancouver,2016-17,0.01774393768,0.07034482759
Vancouver,2017-18,0.01569113515,0.0625
Vancouver,2018-19,0.01390396089,0.06003638569